{"stats":{"minecraft:picked_up":{"minecraft:wheat_seeds":1},"minecraft:custom":{"minecraft:jump":32,"minecraft:time_since_rest":1380,"minecraft:crouch_one_cm":8,"minecraft:leave_game":1,"minecraft:sprint_one_cm":974,"minecraft:play_time":1380,"minecraft:time_since_death":1380,"minecraft:walk_one_cm":1496,"minecraft:sneak_time":11,"minecraft:total_world_time":1380,"minecraft:fall_one_cm":836,"minecraft:fly_one_cm":3910},"minecraft:mined":{"minecraft:tall_grass":6,"minecraft:grass":2}},"DataVersion":3465}